1,上海上海,121.48,31.22
2,上海嘉定,121.24,31.4
3,上海宝山,121.48,31.41
4,上海川沙,121.7,31.19
5,上海南汇,121.76,31.05
6,上海奉贤,121.46,30.92
7,上海松江,121.24,31
8,上海金山,121.16,30.89
9,上海青浦,121.1,31.15
10,上海崇明,121.4,31.73
11,云南昆明,102.73,25.04
12,云南富民,102.48,25.21
13,云南晋宁,102.58,24.68
14,云南呈贡,102.79,24.9
15,云南安宁,102.44,24.95
16,云南昭通,103.7,29.32
17,云南永善,103.63,28.22
18,云南大关,103.91,27.74
19,云南彝良,104.06,27.61
20,云南鲁甸,103.54,27.21
21,云南绥江,103.97,28.58
22,云南盐津,104.28,28.08
23,云南威信,105.05,27.85
24,云南镇雄,104.86,27.42
25,云南巧家,102.92,26.9
26,云南永富,104.38,28.62
27,云南曲靖,103.79,25.51
28,云南宣威,104.09,26.24
29,云南富源,104.24,25.67
30,云南师宗,103.97,24.85
31,云南嵩明,103.03,25.35
32,云南会泽,103.27,26.41
33,云南沽益,103.82,25.62
34,云南罗平,104.3,24.88
35,云南陆良,104.64,25.04
36,云南宜良,103.12,24.9
37,云南马龙,103.61,25.41
38,云南路南,103.24,24.77
39,云南寻甸,103.25,25.56
40,云南玉溪,102.52,24.35
41,云南华宁,102.93,24.26
42,云南通海,102.75,24.09
43,云南澄江,102.91,24.68
44,云南江川,102.73,24.27
45,云南易门,102.15,24.67
46,云南元江,102,23.59
47,云南新平,101.98,24.06
48,云南峨山,102.38,24.16
49,云南思茅,101,22.79
50,云南普洱,101.03,23.07
51,云南镇沅,100.88,23.9
52,云南景东,100.82,24.42
53,云南景谷,100.71,23.5
54,云南黑江,101.71,23.4
55,云南澜沦,99.97,22.55
56,云南西盟,99.47,22.73
57,云南江城,101.88,22.58
58,云南孟连,99.55,22.32
59,云南临沦,100.09,23.88
60,云南云县,100.12,24.44
61,云南镇康,99.02,23.92
62,云南永德,99.25,24.03
63,云南凤庆,99.92,24.58
64,云南双江,99.85,23.45
65,云南沧源,99.24,23.15
66,云南耿马,99.41,23.56
67,云南保由,99.18,25.12
68,云南施甸,99.15,24.69
69,云南腾冲,98.51,25.01
70,云南昌宁,99.61,24.82
71,云南龙陵,98.7,24.58
72,云南丽江,100.25,26.86
73,云南华坪,101.24,26.63
74,云南永胜,100.76,26.71
75,云南宁蒗,100.82,27.29
76,云南文山,104.24,23.37
77,云南广南,105.09,24.05
78,云南西畴,104.68,23.42
79,云南麻栗坡,104.71,23.12
80,云南马关,104.4,23.01
81,云南丘北,104.19,24.03
82,云南砚山,104.35,23.62
83,云南富宁,105.6,23.62
84,云南个旧,102.43,23.35
85,云南弥勒,103.43,24.41
86,云南蒙自,103.41,23.36
87,云南元阳,102.81,23.17
88,云南红河,102.42,23.35
89,云南石屏,102.48,23.73
90,云南泸西,103.76,24.52
91,云南金平,103.24,22.77
92,云南开远,103.23,23.7
93,云南绿春,102.42,23.01
94,云南建水,102.79,23.64
95,云南河口,103.98,22.52
96,云南屏边,103.67,22.68
97,云南景淇,100.79,22
98,云南勐海,100.5,21.95
99,云南勐腊,101.56,21.48
100,云南楚雄,101.54,25.01
101,云南元谋,101.85,25.7
102,云南武定,102.36,25.55
103,云南禄丰,102.08,25.15
104,云南南华,101.26,25.21
105,云南大姚,101.34,25.73
106,云南永仁,101.7,26.07
107,云南禄劝,102.45,25.58
108,云南牟定,101.58,25.32
109,云南双柏,101.67,24.68
110,云南姚安,101.24,25.4
111,云南下关,100.24,25.45
112,云南剑川,99.88,26.53
113,云南洱源,99.94,26.1
114,云南宾川,100.55,25.82
115,云南弥渡,100.52,25.34
116,云南永平,99.52,25.45
117,云南鹤庆,100.18,26.55
118,云南大理,100.19,25.69
119,云南漾濞,99.98,25.68
120,云南云龙,99.39,25.9
121,云南祥云,100.56,25.48
122,云南巍山,100.33,25.23
123,云南南涧,100.51,25.04
124,云南潞西,98.6,24.41
125,云南陇川,97.96,24.33
126,云南盈江,97.93,24.69
127,云南畹町,98.08,24.08
128,云南瑞丽,97.83,24
129,云南梁河,98.3,24.78
130,云南泸水,98.82,25.97
131,云南碧江,98.95,26.55
132,云南福贡,98.92,26.89
133,云南兰坪,99.29,26.49
134,云南贡山,98.65,27.73
135,云南中甸,99.72,27.78
136,云南德钦,98.93,28.49
137,云南维西,99.27,27.15
138,内蒙古呼和浩特,111.65,40.82
139,内蒙古上默特左旗,111.13,40.72
140,内蒙古托克托,111.15,40.28
141,内蒙古包头,110,40.58
142,内蒙古上默特右旗,110.52,40.55
143,内蒙古固阳,110.03,41.03
144,内蒙古乌海,106.82,39.67
145,内蒙古集宁,113.08,41.03
146,内蒙古兴和,113.97,40.88
147,内蒙古清水河,111.65,39.92
148,内蒙古武川,111.42,41.12
149,内蒙古卓资,112.52,40.93
150,内蒙古商都,113.53,41.58
151,内蒙古丰镇,113.15,40.45
152,内蒙古凉城,112.48,40.52
153,内蒙古和林格尔,111.8,40.4
154,内蒙古化德,114,41.9
155,内蒙古四子王旗,111.68,41.37
156,内蒙古二连浩特,111.96,43.65
157,内蒙古阿巴哈纳尔旗,116.08,43.95
158,内蒙古多伦,116.48,42.18
159,内蒙古阿巴嘎旗,114.97,44.03
160,内蒙古西乌珠穆沁旗,117.58,44.6
161,内蒙古东乌珠穆沁旗,116.97,45.53
162,内蒙古苏尼特左旗,113.7,43.85
163,内蒙古苏尼特右旗,112.95,42.47
164,内蒙古太仆寺旗,115.3,41.9
165,内蒙古正镶白旗,115,42.32
166,内蒙古正蓝旗,116.02,42.25
167,内蒙古镶黄旗,113.83,42.25
168,内蒙古海拉尔,119.73,29.22
169,内蒙古满洲里,117.47,49.58
170,内蒙古陈巴尔虎旗,119.45,49.33
171,内蒙古额尔古纳右旗,120.08,50.45
172,内蒙古额尔古纳左旗,121.52,50.8
173,内蒙古喜桂图旗,120.73,49.3
174,内蒙古阿荣旗,123.5,48.13
175,内蒙古布特哈旗,122.78,47.98
176,内蒙古新巴尔虎左旗,116.82,48.67
177,内蒙古新巴尔虎右旗,118.23,48.22
178,内蒙古鄂伦春自治旗,123.7,50.58
179,内蒙古通辽,122.28,43.63
180,内蒙古开鲁,121.32,43.62
181,内蒙古库伦旗,121.75,42.72
182,内蒙古奈曼旗,120.65,42.85
183,内蒙古扎鲁特旗,120.87,44.55
184,内蒙古赤峰,118.87,42.28
185,内蒙古宁城,119.32,41.62
186,内蒙古林西,118.02,43.62
187,内蒙古喀喇沁旗,118.67,41.95
188,内蒙古敖汉旗,119.87,42.3
189,内蒙古翁牛特旗,119,42.97
190,内蒙古巴林右旗,118.65,43.52
191,内蒙古巴林左旗,119.35,43.98
192,内蒙古阿鲁科尔沁旗,120.05,43.97
193,内蒙古克什克腾旗,117.48,43.28
194,内蒙古伊克昭盟,110,39.83
195,内蒙古东胜县,110,39.83
196,内蒙古准格尔旗,111.13,39.68
197,内蒙古乌审旗,109.03,38.38
198,内蒙古伊金霍洛旗,109.77,39.25
199,内蒙古鄂托克旗,107.97,39.12
200,内蒙古鄂托克前旗,107.43,38.18
201,内蒙古杭锦旗,108.7,39.83
202,内蒙古达拉特旗,110.02,40.42
203,内蒙古临河,107.37,40.78
204,内蒙古五原,108.28,41.12
205,内蒙古磴口,106.98,40.33
206,内蒙古杭锦后旗,107.12,40.88
207,内蒙古乌拉特中旗,108.52,41.55
208,内蒙古乌拉特前旗,108.65,40.75
209,内蒙古乌拉特后旗,108.52,40.88
210,内蒙古阿拉善左旗,105.68,38.85
211,内蒙古阿拉善右旗,101.68,39.2
212,内蒙古额济纳旗,100.88,41.9
213,内蒙古乌兰浩特,122.08,46.07
214,内蒙古突泉,121.5,45.4
215,北京北京,116.46,39.92
216,北京平谷,117.1,40.13
217,北京密云,116.85,40.37
218,北京顺义,116.65,40.13
219,北京通县,116.67,39.92
220,北京怀柔,116.62,40.32
221,北京大兴,116.33,39.73
222,北京房山,115.98,39.72
223,吉林长春,125.35,43.88
224,吉林吉林,126.57,43.87
225,吉林农安,125.15,44.45
226,吉林德惠,125.68,44.52
227,吉林榆树,126.55,44.83
228,吉林九台,126.83,44.15
229,吉林双阳,125.68,43.53
230,吉林永吉,126.57,43.87
231,吉林舒兰,126.97,44.4
232,吉林蛟河,127.33,43.75
233,吉林桦甸,126.72,42.97
234,吉林磐石,126.03,42.93
235,吉林延吉,129.52,42.93
236,吉林汪清,129.75,43.32
237,吉林珲春,130.35,42.85
238,吉林图们,129.83,42.98
239,吉林和龙,129,42.52
240,吉林安图,128.3,42.58
241,吉林敦化,128.18,43.35
242,吉林通化,125.92,41.49
243,吉林柳河,125.7,40.88
244,吉林海龙,125.65,42.53
245,吉林辉南,126.03,42.68
246,吉林靖宇,126.8,42.38
247,吉林浑江,126.4,41.97
248,吉林抚松,127.27,42.33
249,吉林集安,126.17,41.15
250,吉林长白,128.17,41.43
251,吉林四平,124.37,43.17
252,吉林梨树,124.33,43.32
253,吉林怀德,124.82,43.5
254,吉林伊通,125.32,43.33
255,吉林辽源,125.15,42.97
256,吉林东丰,125.5,42.68
257,吉林双辽,123.5,43.52
258,吉林白城,122.82,45.63
259,吉林大安,124.18,45.5
260,吉林扶余,124.82,45.2
261,吉林乾安,124.02,45
262,吉林长岭,123.97,44.3
263,吉林通榆,123.13,44.82
264,吉林洮安,122.75,45.35
265,四川成都,104.06,30.67
266,四川金堂,104.32,30.88
267,四川双流,104.94,30.57
268,四川蒲江,103.29,30.2
269,四川郫县,103.86,30.8
270,四川新都,104.13,30.82
271,四川来易,102.15,26.9
272,四川盐边,101.56,26.9
273,四川温江,103.81,30.97
274,四川灌县,103.61,31.04
275,四川彭县,103.94,30.99
276,四川什邡,104.16,31.13
277,四川广汉,104.25,30.99
278,四川新津,103.78,30.42
279,四川邛崃,103.47,30.42
280,四川大邑,103.53,30.58
281,四川崇庆,103.69,30.63
282,四川绵阳,104.73,31.48
283,四川江油,104.7,31.8
284,四川青川,105.21,32.59
285,四川平武,104.52,32.42
286,四川光元,105.86,32.44
287,四川旺苍,106.33,32.25
288,四川剑阁,105.45,32.03
289,四川梓潼,105.16,31.64
290,四川三台,105.06,31.1
291,四川盐亭,105.35,31.23
292,四川射洪,105.31,30.9
293,四川遂宁,105.58,30.52
294,四川蓬溪,105.74,30.78
295,四川中江,104.68,31.06
296,四川德阳,104.37,31.13
297,四川绵竹,104.19,31.32
298,四川安县,104.41,31.64
299,四川北川,104.44,31.89
300,四川内江,105.04,29.59
301,四川乐至,105.02,30.3
302,四川安岳,105.3,30.12
303,四川威远,104.7,29.57
304,四川资中,104.85,29.81
305,四川资阳,104.6,30.19
306,四川简阳,104.53,30.38
307,四川隆昌,105.25,29.64
308,四川宜宾,104.56,29.77
309,四川富顺,104.97,29.24
310,四川南溪,104.96,28.87
311,四川江安,105.06,28.71
312,四川纳溪,105.38,28.77
313,四川泸县,105.46,28.96
314,四川合江,105.78,28.79
315,四川泸州,105.39,28.91
316,四川古蔺,105.79,28.03
317,四川叙水,105.44,28.19
318,四川长宁,104.91,28.6
319,四川兴文,105.06,28.36
320,四川琪县,104.81,28.38
321,四川高县,104.52,28.4
322,四川筠连,104.53,28.16
323,四川屏由,104.15,28.68
324,四川乐由,103.73,29.59
325,四川夹江,103.59,29.75
326,四川洪雅,103.38,29.95
327,四川丹棱,103.53,30.04
328,四川青神,103.81,29.86
329,四川眉由,103.81,30.05
330,四川彭由,103.83,30.22
331,四川井研,104.06,29.67
332,四川仁寿,104.09,30
333,四川犍为,103.93,29.21
334,四川沐川,103.98,28.96
335,四川娥眉,103.5,29.62
336,四川马边,103.53,28.87
337,四川峨边,103.25,29.23
338,四川金口,103.13,29.24
339,四川涪陵,107.36,29.7
340,四川垫江,107.34,30.36
341,四川丰都,107.7,29.89
342,四川石柱,108.13,29.98
343,四川秀山,108.97,28.47
344,四川西阳,108.75,28.85
345,四川黔江,108.81,29.53
346,四川彭水,108.19,29.29
347,四川武隆,108.72,29.29
348,四川南川,107.13,29.15
349,四川万县,108.35,30.83
350,四川开县,108.39,31.23
351,四川城口,108.67,31.98
352,四川巫溪,109.6,31.42
353,四川巫山,109.86,31.1
354,四川奉节,109.52,31.06
355,四川云阳,108.89,30.99
356,四川忠县,108.03,30.33
357,四川梁平,107.78,30.66
358,四川南允,106.06,30.8
359,四川苍溪,105.96,31.75
360,四川阆中,105.97,31.75
361,四川仪陇,106.38,31.52
362,四川南部,106.03,31.34
363,四川西允,105.84,31.01
364,四川营山,106.57,31.07
365,四川蓬安,106.44,31.04
366,四川广安,106.61,30.48
367,四川岳池,106.43,30.55
368,四川武胜,106.3,30.38
369,四川华云,106.74,30.41
370,四川达县,107.49,31.23
371,四川万源,108.06,32.07
372,四川宜汉,107.71,31.39
373,四川开江,107.87,31.1
374,四川邻水,106.91,30.36
375,四川大竹,107.21,30.75
376,四川渠县,106.94,30.85
377,四川南江,106.83,32.36
378,四川巴中,106.73,31.86
379,四川平昌,107.11,31.59
380,四川通江,108.24,31.95
381,四川百沙,108.18,32
382,四川雅安,102.97,29.97
383,四川芦山,102.91,30.17
384,四川名山,103.06,30.09
385,四川荣经,102.81,29.79
386,四川汉源,102.66,29.4
387,四川石棉,102.38,29.21
388,四川天全,102.78,30.09
389,四川宝兴,102.84,30.36
390,四川马尔康,102.22,31.92
391,四川红原,102.55,31.79
392,四川阿坝,101.72,31.93
393,四川若尔盖,102.94,33.62
394,四川黑水,102.95,32.06
395,四川松潘,103.61,32.64
396,四川南坪,104.19,33.23
397,四川汶川,103.61,31.46
398,四川理县,103.16,31.42
399,四川小金,102.34,30.97
400,四川金川,102.03,31.48
401,四川壤塘,100.97,32.3
402,四川茂汶,103.89,31.67
403,四川康定,101.95,30.04
404,四川炉霍,100.65,31.38
405,四川甘孜,99.96,31.64
406,四川新龙,100.28,30.96
407,四川白玉,98.83,32.23
408,四川德格,98.57,31.81
409,四川石渠,98.06,33.01
410,四川色达,100.35,32.3
411,四川泸定,102.25,29.92
412,四川丹巴,101.87,30.85
413,四川九龙,101.53,29.01
414,四川雅江,101,30.03
415,四川道孚,101.14,30.99
416,四川理塘,100.28,30.03
417,四川乡城,99.78,28.93
418,四川稻城,100.31,29.04
419,四川巴塘,99,30
420,四川得荣,99.25,28.71
421,四川西昌,102.29,27.92
422,四川昭觉,102.83,28.03
423,四川甘洛,102.74,28.96
424,四川雷波,103.62,28.21
425,四川宁南,102.76,27.07
426,四川会东,102.55,26.74
427,四川会理,102.21,26.67
428,四川德昌,102.15,27.4
429,四川美姑,103.14,28.33
430,四川金阳,103.22,27.73
431,四川布拖,102.8,27.7
432,四川普格,102.52,27.38
433,四川喜德,102.42,28.33
434,四川越西,102.49,28.66
435,四川盐源,101.51,27.42
436,四川冕宁,102.15,28.58
437,四川木里,101.25,27.9
438,天津天津,117.2,39.13
439,天津宁河,117.83,39.33
440,天津静海,116.92,38.93
441,天津蓟县,117.4,40.05
442,天津宝坻,117.3,39.75
443,天津武清,117.05,39.4
444,宁夏回族自治区银川,106.27,38.47
445,宁夏回族自治区永宁,106.24,38.28
446,宁夏回族自治区贺兰,106.35,38.55
447,宁夏回族自治区石嘴山,106.39,39.04
448,宁夏回族自治区平罗,106.54,38.91
449,宁夏回族自治区陶乐,106.69,38.82
450,宁夏回族自治区吴忠,106.21,37.99
451,宁夏回族自治区同心,105.94,36.97
452,宁夏回族自治区灵武,106.34,38.1
453,宁夏回族自治区中宁,105.66,37.48
454,宁夏回族自治区盐池,107.41,37.78
455,宁夏回族自治区中卫,105.18,37.51
456,宁夏回族自治区青铜峡,106.07,38.02
457,宁夏回族自治区固原,106.28,36.01
458,宁夏回族自治区西吉,105.7,35.97
459,宁夏回族自治区泾源,106.33,35.5
460,宁夏回族自治区海原,105.64,36.56
461,宁夏回族自治区隆德,106.11,35.63
462,安徽合肥,117.27,31.86
463,安徽长丰,117.16,32.47
464,安徽淮南,116.98,32.62
465,安徽凤台,116.71,32.68
466,安徽淮北,116.77,33.97
467,安徽濉溪,116.76,33.92
468,安徽芜湖,118.38,31.33
469,安徽铜陵,117.82,30.93
470,安徽蚌埠,117.34,32.93
471,安徽马鞍山,118.48,31.56
472,安徽安庆,117.03,30.52
473,安徽宿州,116.97,33.63
474,安徽宿县,116.97,33.63
475,安徽砀山,116.34,34.42
476,安徽萧县,116.93,34.19
477,安徽吴壁,117.55,33.55
478,安徽泗县,117.89,33.49
479,安徽五河,117.87,33.14
480,安徽固镇,117.32,33.33
481,安徽怀远,117.19,32.95
482,安徽滁州,118.31,32.33
483,安徽嘉山,117.98,32.78
484,安徽天长,119,32.68
485,安徽来安,118.44,32.44
486,安徽全椒,118.27,32.1
487,安徽定远,117.68,32.52
488,安徽凤阳,117.4,32.86
489,安徽巢湖,117.87,31.62
490,安徽巢县,117.87,31.62
491,安徽肥东,117.47,31.89
492,安徽含山,118.11,31.7
493,安徽和县,118.37,31.7
494,安徽无为,117.75,31.3
495,安徽卢江,117.29,31.23
496,安徽宣城,118.73,31.95
497,安徽当涂,118.49,31.55
498,安徽郎溪,119.17,31.14
499,安徽广德,119.41,30.89
500,安徽泾县,118.41,30.68
501,安徽南陵,118.32,30.91
502,安徽繁昌,118.21,31.07
503,安徽宁国,118.95,30.62
504,安徽青阳,117.84,30.64
505,安徽屯溪,118.31,29.72
506,安徽休宁,118.19,29.81
507,安徽旌得,118.53,30.28
508,安徽绩溪,118.57,30.07
509,安徽歙县,118.44,29.88
510,安徽祁门,117.7,29.86
511,安徽黟县,117.92,29.93
512,安徽太平,118.13,30.28
513,安徽石台,117.48,30.19
514,安徽桐城,116.94,31.04
515,安徽纵阳,117.21,30.69
516,安徽怀宁,116.63,30.41
517,安徽望江,116.69,30.12
518,安徽宿松,116.13,30.15
519,安徽太湖,116.27,30.42
520,安徽岳西,116.36,30.84
521,安徽潜山,116.53,30.62
522,安徽东至,116.99,30.08
523,安徽贵池,117.48,30.66
524,安徽六安,116.49,31.73
525,安徽霍丘,116.27,32.32
526,安徽寿县,116.78,32.57
527,安徽肥西,117.15,31.7
528,安徽舒城,116.94,31.45
529,安徽霍山,116.32,31.38
530,安徽金寨,115.87,31.67
531,安徽阜阳,115.81,32.89
532,安徽毫县,116.76,33.86
533,安徽涡阳,116.21,33.49
534,安徽蒙城,116.55,33.25
535,安徽利辛,116.19,33.12
536,安徽颖上,116.26,32.62
537,安徽阜南,115.6,32.63
538,安徽临泉,115.24,33.06
539,安徽界首,115.34,33.24
540,安徽太和,115.61,33.16
541,山东济南,117,36.65
542,山东历城,117.07,36.69
543,山东长清,116.73,36.55
544,山东章丘,117.53,36.72
545,山东青岛,120.33,36.07
546,山东崂山,120.42,36.15
547,山东胶南,119.97,35.88
548,山东即墨,120.45,36.38
549,山东胶县,120,36.28
550,山东淄博,118.05,36.78
551,山东枣庄,117.57,34.86
552,山东滕县,117.17,35.09
553,山东东营,118.49,37.46
554,山东垦利,118.54,37.59
555,山东利津,118.25,37.49
556,山东德州,116.29,37.45
557,山东宁津,116.8,37.64
558,山东乐陵,117.22,37.74
559,山东商河,117.15,37.31
560,山东济阳,117.2,36.97
561,山东禹城,116.66,36.95
562,山东夏津,116,36.95
563,山东陵县,116.58,37.34
564,山东庆云,117.37,37.37
565,山东临邑,116.86,37.2
566,山东齐河,116.76,36.79
567,山东平原,116.44,37.16
568,山东武城,116.08,37.2
569,山东滨州,118.03,37.36
570,山东滨县,117.97,37.47
571,山东广饶,118.41,37.04
572,山东桓台,118.12,36.95
573,山东邹平,117.75,36.89
574,山东阳信,117.58,37.65
575,山东沾化,118.14,37.7
576,山东博兴,118.12,37.12
577,山东高青,117.66,37.18
578,山东惠民,117.51,17.49
579,山东无棣,117.58,37.73
580,山东潍坊,119.1,36.62
581,山东潍县,119.22,36.77
582,山东平度,119.97,36.77
583,山东诸城,119.42,35.99
584,山东安丘,119.2,36.42
585,山东临朐,118.53,36.5
586,山东寿光,118.73,36.86
587,山东昌邑,119.41,36.86
588,山东高密,119.75,36.38
589,山东五莲,119.2,35.74
590,山东昌乐,118.83,36.69
591,山东高都,118.47,36.69
592,山东烟台,121.39,37.52
593,山东牟平,121.59,37.38
594,山东文登,122.05,37.2
595,山东海阳,121.17,36.76
596,山东莱阳,120.71,36.97
597,山东栖霞,120.83,37.28
598,山东掖县,119.93,37.18
599,山东长岛,120.73,37.91
600,山东威海,122.1,37.5
601,山东福山,121.27,37.49
602,山东荣成,122.41,37.16
603,山东乳山,121.52,36.89
604,山东莱西,120.53,36.86
605,山东招远,120.38,37.35
606,山东黄县,120.51,37.64
607,山东蓬莱,120.75,37.8
608,山东临沂,118.35,35.05
609,山东沂水,118.64,35.78
610,山东日照,119.46,35.42
611,山东临沭,118.73,34.89
612,山东仓山,118.03,34.84
613,山东平邑,117.63,35.49
614,山东沂源,118.17,36.18
615,山东沂南,118.47,35.54
616,山东营县,118.83,35.57
617,山东莒南,118.83,35.17
618,山东郯城,118.35,34.61
619,山东费县,117.97,35.26
620,山东蒙阴,117.95,35.7
621,山东泰安,117.13,36.18
622,山东莱芜,117.67,36.19
623,山东肥城,116.76,36.24
624,山东平阴,116.46,36.29
625,山东新汶,117.67,35.86
626,山东新泰,117.76,35.91
627,山东宁阳,116.8,35.76
628,山东东平,116.3,35.91
629,山东济宁,116.59,35.38
630,山东兖州,116.83,35.54
631,山东泗水,117.27,35.65
632,山东鱼台,116.65,35
633,山东嘉祥,116.34,35.41
634,山东汶上,116.49,35.71
635,山东曲阜,116.98,35.59
636,山东邹县,116.97,35.39
637,山东微山,117.12,34.8
638,山东金乡,116.32,35.07
639,山东荷泽,115.43,35.24
640,山东郓城,115.94,35.59
641,山东巨野,116.08,35.38
642,山东单县,116.07,34.82
643,山东曹县,115.53,34.83
644,山东鄄城,115.5,35.57
645,山东梁山,116.1,35.8
646,山东成武,115.88,34.97
647,山东定陶,115.57,35.07
648,山东东明,115.08,35.31
649,山东聊城,115.97,36.45
650,山东高唐,116.23,36.86
651,山东东阿,116.23,36.32
652,山东莘县,115.67,36.24
653,山东临清,115.72,36.68
654,山东茌平,116.27,36.58
655,山东阳谷,115.78,36.11
656,山东冠县,115.45,35.47
657,山西太原,112.53,37.87
658,山西阳曲,112.65,38.05
659,山西娄烦,111.78,38.05
660,山西清徐,112.33,37.62
661,山西大同,113.3,40.12
662,山西阳泉,113.57,37.85
663,山西长治,113.08,36.18
664,山西天镇,114.08,40.42
665,山西灵丘,114.2,39.47
666,山西怀仁,113.1,39.82
667,山西山阴,112.82,39.52
668,山西平鲁,112.12,39.53
669,山西右玉,112.33,40.18
670,山西阳高,113.72,40.38
671,山西广灵,113.27,39.75
672,山西浑源,113.68,39.7
673,山西应县,113.18,39.58
674,山西朔县,112.42,39.32
675,山西左云,112.67,40.02
676,山西忻县,112.7,38.38
677,山西代县,112.97,39.07
678,山西五台,113.32,38.72
679,山西静乐,111.9,38.37
680,山西保德,111.09,38.01
681,山西河曲,111.17,39.38
682,山西神池,112.17,39.1
683,山西原平,112.7,38.73
684,山西繁峙,113.28,39.2
685,山西定襄,112.95,38.5
686,山西岢岚,111.58,38.7
687,山西五寨,111.82,38.93
688,山西偏关,111.47,39.45
689,山西宁武,112.28,39
690,山西榆次,112.72,37.68
691,山西孟县,113.37,38.01
692,山西昔阳,113.68,37.62
693,山西左权,113.35,37.07
694,山西太谷,112.53,37.42
695,山西平遥,112.18,37.2
696,山西灵石,111.77,36.83
697,山西寿阳,113.17,37.88
698,山西平定,113.62,37.79
699,山西和顺,113.55,37.33
700,山西榆社,112.97,37.08
701,山西祁县,112.33,37.36
702,山西介休,111.88,37.03
703,山西离石,111.13,37.53
704,山西兴县,111.22,38.47
705,山西方由,111.24,37.86
706,山西岚县,111.62,38.28
707,山西交城,112.14,37.55
708,山西文水,112.02,37.42
709,山西汾阳,111.75,37.27
710,山西孝义,111.8,37.12
711,山西交口,111.2,36.97
712,山西石楼,110.83,37
713,山西中阳,111.17,37.37
714,山西临县,110.95,37.95
715,山西柳林,110.85,37.45
716,山西襄垣,113.02,36.55
717,山西黎城,113.4,36.56
718,山西壶关,113.23,35.11
719,山西高平,112.88,35.48
720,山西阳城,112.38,35.84
721,山西长子,112.87,36.13
722,山西沁源,112.32,36.5
723,山西潞城,113.22,36.33
724,山西武乡,112.83,36.83
725,山西平顺,113.43,36.19
726,山西陵川,113.27,35.78
727,山西晋城,112.83,35.52
728,山西沁水,112.15,35.67
729,山西屯留,112.87,36.32
730,山西沁县,112.68,36.75
731,山西临汾,111.5,36.08
732,山西汾西,111.53,36.63
733,山西安泽,112.2,36.15
734,山西古县,111.9,36.29
735,山西翼城,111.68,35.73
736,山西曲沃,111.33,35.63
737,山西吉县,110.65,36.12
738,山西大宁,110.72,36.47
739,山西侯马,111.45,35.03
740,山西永和,110.64,36.62
741,山西洪洞,111.68,36.25
742,山西霍县,111.72,36.57
743,山西浮山,111.83,35.97
744,山西襄汾,111.43,35.86
745,山西乡宁,110.8,35.97
746,山西蒲县,111.07,36.42
747,山西运城,110.97,35.03
748,山西闻喜,111.2,35.37
749,山西垣曲,111.63,35.3
750,山西芮城,110.68,34.71
751,山西临猗,110.78,35.15
752,山西新绛,111.22,35.62
753,山西河津,110.7,35.58
754,山西夏县,111.22,35.12
755,山西绛县,111.58,35.48
756,山西平陆,111.2,34.12
757,山西永济,110.42,34.88
758,山西万荣,110.83,35.42
759,山西稷山,110.97,35.6
760,广东广州,113.23,23.16
761,广东花县,113.19,23.4
762,广东新十,114.2,24.09
763,广东增城,113.81,23.13
764,广东从化,113.55,23.57
765,广东龙门,114.25,23.75
766,广东番禺,113.36,22.95
767,广东海口,110.35,20.02
768,广东汕头,116.69,23.39
769,广东洪江,110.38,21.2
770,广东茂名,110.88,21.68
771,广东佛山,113.11,23.05
772,广东江门,113.06,22.61
773,广东深圳,114.07,22.62
774,广东宝安,113.85,22.58
775,广东珠海,113.52,22.3
776,广东韶关,113.62,24.84
777,广东曲江,113.58,24.68
778,广东乐昌,113.35,25.14
779,广东仁化,113.73,25.11
780,广东南雄,114.33,25.14
781,广东始兴,114.08,24.78
782,广东翁源,114.13,24.36
783,广东佛岗,113.52,23.86
784,广东英德,113.38,24.17
785,广东清远,113.01,23.7
786,广东阳山,112.65,24.48
787,广东连县,112.4,24.77
788,广东连山,112.07,24.59
789,广东连南,112.28,24.77
790,广东惠州,114.4,23.09
791,广东惠阳,114.4,23.09
792,广东博罗,114.28,23.18
793,广东河源,114.68,23.73
794,广东连平,114.48,24.39
795,广东和平,114.89,24.45
796,广东龙川,115.25,24.09
797,广东紫金,115.18,23.64
798,广东惠东,114.7,22.97
799,广东东莞,113.75,23.04
800,广东梅州,116.1,24.55
801,广东梅县,116.1,24.55
802,广东平远,117.9,24.59
803,广东蕉岭,116.18,24.66
804,广东大埔,116.7,24.34
805,广东丰顺,116.18,23.78
806,广东五华,115.75,23.93
807,广东兴宁,115.75,24.15
808,广东潮州,116.63,23.68
809,广东澄海,116.8,23.48
810,广东潮安,116.63,23.68
811,广东饶平,117.01,23.7
812,广东南澳,117.03,23.44
813,广东潮阳,116.61,23.27
814,广东惠来,116.29,23.07
815,广东陆丰,117.64,22.95
816,广东海丰,117.33,22.98
817,广东普宁,116.17,23.29
818,广东揭西,115.82,23.45
819,广东揭阳,116.35,23.55
820,广东南海,113.11,23.05
821,广东三水,112.89,23.18
822,广东顺德,113.24,22.84
823,广东中山,113.38,22.52
824,广东斗门,113.25,22.2
825,广东新会,113.02,22.52
826,广东鹤山,112.94,22.76
827,广东开平,112.68,22.36
828,广东台山,112.78,22.27
829,广东恩平,112.29,22.21
830,广东高明,112.76,21.71
831,广东廉江,110.27,21.63
832,广东化州,110.59,21.64
833,广东高州,110.83,21.95
834,广东信宜,110.9,22.36
835,广东阳春,111.78,22.16
836,广东阳江,111.95,21.85
837,广东电白,110.99,21.52
838,广东吴川,110.78,21.43
839,广东徐闻,110.17,20.34
840,广东海康,110.07,20.91
841,广东遂溪,110.24,21.39
842,广东肇庆,112.44,23.05
843,广东高要,112.44,23.05
844,广东怀集,112.18,23.93
845,广东广宁,112.43,23.14
846,广东四会,112.68,23.36
847,广东新兴,112.2,22.68
848,广东云浮,112.02,22.93
849,广东罗定,111.56,22.77
850,广东郁南,111.51,23.23
851,广东德庆,111.75,23.15
852,广东封开,111.48,23.45
853,广西南宁,108.33,22.84
854,广西柳州,109.4,24.33
855,广西桂林,110.28,25.29
856,广西梧州,111.34,23.51
857,广西凭祥,106.75,22.11
858,广西邕宁,108.49,22.74
859,广西武鸣,108.27,23.17
860,广西马山,108.2,23.73
861,广西上林,108.59,23.44
862,广西宾阳,108.8,23.22
863,广西横县,109.2,22.69
864,广西扶绥,107.92,22.65
865,广西崇左,107.37,22.42
866,广西宁明,107.08,22.12
867,广西龙州,106.84,22.36
868,广西大新,107.21,22.85
869,广西天等,107.12,23.08
870,广西隆安,107.68,23.18
871,广西河池,108.06,24.7
872,广西环江,108.26,24.83
873,广西罗城,108.9,24.79
874,广西宜山,108.64,24.47
875,广西东兰,107.36,24.53
876,广西凤山,107.05,24.55
877,广西天峨,107.16,25.01
878,广西南丹,107.54,24.98
879,广西都安,108.09,23.94
880,广西巴马,107.25,24.15
881,广西合山,108.89,23.82
882,广西柳城,109.24,24.67
883,广西融安,109.37,24.24
884,广西鹿寨,109.74,24.49
885,广西象州,109.7,23.98
886,广西武宜,109.66,23.6
887,广西柳江,109.34,24.27
888,广西来宾,109.24,23.76
889,广西忻城,108.66,24.07
890,广西融水,109.24,25.07
891,广西三江,109.58,25.8
892,广西金秀,110.18,24.14
893,广西临桂,110.22,25.22
894,广西灵川,110.33,25.42
895,广西兴安,110.66,25.6
896,广西资源,110.66,26.03
897,广西全州,111.06,25.96
898,广西灌阳,111.14,25.49
899,广西恭城,110.81,24.85
900,广西平乐,110.66,24.64
901,广西荔浦,110.38,24.51
902,广西永福,109.98,24.99
903,广西龙胜,110.02,25.78
904,广西苍悟,111.22,23.51
905,广西钟山,111.3,24.53
906,广西富川,110.26,24.83
907,广西贺县,111.54,24.44
908,广西岑溪,111,22.95
909,广西藤县,110.9,23.36
910,广西蒙山,110.54,24.22
911,广西昭平,110.8,24.18
912,广西玉林,110.14,22.64
913,广西桂平,110.07,23.38
914,广西平南,110.4,23.55
915,广西容县,110.53,22.87
916,广西北流,110.33,22.71
917,广西陆川,110.25,22.33
918,广西博白,109.98,22.27
919,广西贵县,109.6,23.11
920,广西北海,109.12,21.49
921,广西钦州,108.61,21.96
922,广西灵山,109.29,22.44
923,广西浦北,109.56,22.27
924,广西合浦,109.2,21.33
925,广西上思,107.98,22.16
926,广西防城,108.35,21.78
927,广西百色,106.62,23.91
928,广西凌云,106.55,24.35
929,广西乐业,106.56,24.78
930,广西田阳,106.9,23.75
931,广西田东,107.12,23.62
932,广西平果,107.59,23.33
933,广西德保,106.6,23.34
934,广西靖西,106.41,23.15
935,广西那坡,105.85,23.42
936,广西西林,105.08,24.51
937,广西田林,106.24,24.31
938,广西隆林,105.34,24.8
939,新疆乌鲁木齐,87.68,43.77
940,新疆克拉玛依,84.77,45.59
941,新疆石河子,85.94,44.27
942,新疆吐鲁番,89.19,42.91
943,新疆托克逊,88.63,42.77
944,新疆鄯善,90.25,42.82
945,新疆哈密,93.44,42.78
946,新疆伊吾,94.65,43.28
947,新疆巴里坤,93,43.6
948,新疆库尔勒,86.06,41.68
949,新疆和静,86.35,42.31
950,新疆和硕,86.84,42.23
951,新疆博湖,86.53,41.95
952,新疆尉梨,86.24,41.36
953,新疆轮台,84.25,41.77
954,新疆焉耆,86.55,42.05
955,新疆和田,79.94,37.12
956,新疆民丰,82.63,37.07
957,新疆策勒,80.78,37.04
958,新疆于田,81.63,36.86
959,新疆洛浦,80.17,37.12
960,新疆皮山,78.29,37.06
961,新疆墨玉,79.74,37.31
962,新疆阿克苏,80.29,41.15
963,新疆温宿,80.24,41.29
964,新疆拜城,81.84,41.82
965,新疆库车,82.97,41.68
966,新疆新和,82.63,41.55
967,新疆沙雅,82.9,41.25
968,新疆阿瓦提,80.34,40.64
969,新疆柯平,79.06,40.55
970,新疆乌什,79.25,41.22
971,新疆咯什,75.94,39.52
972,新疆巴楚,78.59,39.78
973,新疆枷师,76.78,39.46
974,新疆乐普湖,76.67,39.23
975,新疆麦盖提,77.62,38.95
976,新疆莎车,77.25,38.45
977,新疆泽普,77.26,38.2
978,新疆叶城,77.42,37.89
979,新疆疏勒,76.05,39.41
980,新疆英吉沙,76.17,38.91
981,新疆疏附,75.83,39.42
982,新疆塔什库尔干,75.22,37.76
983,新疆阿图什,76.12,39.73
984,新疆阿合奇,78.42,41.91
985,新疆阿克陶,75.94,39.14
986,新疆乌恰,75.18,39.7
987,新疆昌吉,87.31,44.05
988,新疆阜康,87.94,44.14
989,新疆奇台,89.52,44.02
990,新疆吉木萨尔,89.14,44
991,新疆米泉,87.68,43.97
992,新疆玛纳斯,86.22,44.28
993,新疆呼图壁,86.92,44.18
994,新疆木垒,90.34,43.8
995,新疆博乐,82.1,44.93
996,新疆精河,82.92,44.67
997,新疆温泉,81.08,44.95
998,新疆伊宁,81.33,43.91
999,新疆尼勒克,82.53,43.82
1000,新疆新源,83.27,43.41
1001,新疆巩留,82.23,43.35
1002,新疆奎屯,84.89,44.45
1003,新疆特克斯,81.81,43.23
1004,新疆昭苏,81.08,43.15
1005,新疆霍城,80.87,44.07
1006,新疆察布察尔,81.12,43.82
1007,新疆塔城,82.96,46.74
1008,新疆额敏,83.62,46.52
1009,新疆乌苏,84.62,44.45
1010,新疆托里,83.59,45.92
1011,新疆裕民,82.94,46.21
1012,新疆沙湾,85.56,44.29
1013,新疆和布克赛尔,85.13,46.78
1014,新疆阿勒泰,88.14,47.86
1015,新疆青河,90.37,46.71
1016,新疆富蕴,89.44,47.05
1017,新疆福海,87.51,47.15
1018,新疆吉木乃,85.84,47.42
1019,新疆布尔津,86.92,47.7
1020,新疆哈巴河,86.41,48.05
1021,江苏南京,118.78,32.04
1022,江苏江宁,118.83,31.95
1023,江苏六合,118.83,32.36
1024,江苏江浦,118.62,32.07
1025,江苏徐州,117.2,34.26
1026,江苏连云港,119.16,34.59
1027,江苏南通,120.86,32.01
1028,江苏苏州,120.62,31.32
1029,江苏无锡,120.29,31.59
1030,江苏常州,119.95,31.79
1031,江苏丰县,116.57,34.79
1032,江苏沛县,116.93,34.73
1033,江苏赣榆,119.11,34.83
1034,江苏东海,118.75,34.54
1035,江苏新沂,118.33,34.38
1036,江苏邳县,117.97,34.3
1037,江苏睢宁,117.94,33.89
1038,江苏铜山,117.2,34.26
1039,江苏清江,119.02,33.59
1040,江苏灌云,119.23,34.3
1041,江苏灌南,119.36,34.09
1042,江苏沭阳,118.79,34.12
1043,江苏宿迁,118.3,33.96
1044,江苏泗阳,118.68,33.73
1045,江苏盱眙,118.05,33
1046,江苏涟水,119.26,33.77
1047,江苏淮阴,119.02,33.62
1048,江苏淮安,119.15,33.5
1049,江苏洪泽,118.85,33.28
1050,江苏泗洪,118.23,33.46
1051,江苏金湖,119.02,33.01
1052,江苏盐城,120.13,33.38
1053,江苏滨海,119.84,34.01
1054,江苏阜宁,119.79,33.78
1055,江苏射阳,120.26,33.77
1056,江苏建湖,119.77,33.46
1057,江苏响水,119.56,34.2
1058,江苏大丰,120.45,33.19
1059,江苏东台,120.31,32.84
1060,江苏海安,120.45,32.57
1061,江苏如皋,120.56,32.39
1062,江苏如东,121.18,32.33
1063,江苏启东,121.66,31.8
1064,江苏海门,121.15,31.89
1065,江苏南通,120.86,32.01
1066,江苏扬州,119.42,32.39
1067,江苏宝应,119.32,33.23
1068,江苏兴化,119.82,32.93
1069,江苏高邮,119.45,32.78
1070,江苏泰兴,120.02,32.16
1071,江苏泰县,120.15,32.51
1072,江苏泰州,119.9,32.49
1073,江苏靖江,120.26,32.03
1074,江苏江都,119.55,32.43
1075,江苏邗江,119.42,32.39
1076,江苏仪征,119.16,32.27
1077,江苏镇江,119.44,32.2
1078,江苏丹徒,119.44,32.2
1079,江苏扬中,119.81,32.24
1080,江苏丹阳,119.55,32
1081,江苏武进,119.95,31.78
1082,江苏宜兴,119.82,31.36
1083,江苏金坛,119.56,31.74
1084,江苏溧阳,119.48,31.43
1085,江苏句容,119.16,31.95
1086,江苏溧水,119.02,31.65
1087,江苏高淳,118.87,31.32
1088,江苏江阴,120.26,31.91
1089,江苏沙洲,120.55,31.86
1090,江苏常熟,120.74,31.64
1091,江苏太仓,121.1,31.45
1092,江苏昆山,120.95,31.39
1093,江苏吴县,120.62,31.32
1094,江苏吴江,120.63,31.16
1095,江西南昌,115.89,28.68
1096,江西新建,115.8,28.69
1097,江西景德镇,117.22,29.3
1098,江西萍乡,113.85,27.6
1099,江西九江,115.97,29.71
1100,江西彭泽,116.56,29.9
1101,江西湖口,116.23,29.75
1102,江西都昌,116.19,29.29
1103,江西星子,116.03,29.47
1104,江西永修,115.82,29.04
1105,江西德安,115.75,29.33
1106,江西瑞昌,115.65,29.68
1107,江西武宁,115.09,29.26
1108,江西修永,114.55,29.04
1109,江西上饶,117.97,28.47
1110,江西婺源,117.83,29.25
1111,江西德兴,117.58,28.96
1112,江西玉山,118.25,28.68
1113,江西广丰,118.2,28.45
1114,江西铅山,117.71,28.32
1115,江西横峰,117.62,28.42
1116,江西鹰潭,117.02,28.23
1117,江西贵溪,117.2,28.3
1118,江西余江,116.82,28.22
1119,江西万年,117.08,28.7
1120,江西乐平,117.12,28.97
1121,江西波阳,116.68,29
1122,江西于干,116.69,28.7
1123,江西弋阳,117.43,28.42
1124,江西宜春,114.38,27.81
1125,江西万载,114.44,28.11
1126,江西铜鼓,114.37,28.53
1127,江西宜丰,114.78,28.4
1128,江西上高,114.91,28.25
1129,江西安义,115.55,28.86
1130,江西奉新,115.38,28.71
1131,江西高安,115.38,28.42
1132,江西丰城,115.7,28.19
1133,江西清江,115.54,28.07
1134,江西新余,114.92,27.81
1135,江西分宜,114.68,27.82
1136,江西靖安,115.37,28.88
1137,江西抚州,116.34,28
1138,江西临川,116.29,27.95
1139,江西金溪,116.77,27.92
1140,江西资溪,117.06,27.7
1141,江西黎川,116.91,27.3
1142,江西南丰,116.52,27.22
1143,江西南城,116.62,27.56
1144,江西宜黄,116.2,27.55
1145,江西崇仁,116.05,27.75
1146,江西乐安,115.82,27.44
1147,江西东乡,116.61,28.23
1148,江西进贤,116.26,28.37
1149,江西吉安,114.97,27.12
1150,江西新干,115.4,27.77
1151,江西峡江,115.15,27.56
1152,江西吉水,115.14,27.22
1153,江西永丰,115.42,27.33
1154,江西泰和,114.88,26.81
1155,江西万安,114.77,26.47
1156,江西遂川,114.5,26.33
1157,江西宁冈,113.97,26.71
1158,江西永新,114.23,26.96
1159,江西莲花,113.94,27.14
1160,江西安福,114.62,27.39
1161,江西井冈山,114.17,26.57
1162,江西赣州,114.92,25.85
1163,江西广昌,116.32,26.84
1164,江西石城,116.32,26.34
1165,江西宁都,116,26.46
1166,江西兴国,115.33,26.32
1167,江西于都,115.39,25.96
1168,江西瑞金,116.02,25.89
1169,江西会昌,115.79,25.58
1170,江西安远,115.41,25.15
1171,江西寻乌,115.64,24.96
1172,江西定南,115.02,24.7
1173,江西龙南,114.79,24.91
1174,江西全南,114.53,24.76
1175,江西信丰,114.94,25.39
1176,江西赣县,114.02,25.85
1177,江西南康,114.75,25.66
1178,江西上犹,114.55,25.8
1179,江西崇义,114.31,25.69
1180,江西大余,114.36,25.39
1181,河北石家庄,114.48,38.03
1182,河北唐山,118.02,39.63
1183,河北行唐,114.54,38.42
1184,河北灵寿,114.38,38.31
1185,河北束鹿,115.18,37.94
1186,河北晋县,115.03,38.03
1187,河北藁城,114.84,38.03
1188,河北高邑,114.58,37.62
1189,河北赵县,114.78,37.76
1190,河北井陉,114.13,38.03
1191,河北获鹿,114.03,38.08
1192,河北新乐,114.67,38.33
1193,河北正定,114.56,38.13
1194,河北深泽,115.2,38.2
1195,河北无极,114.96,38.16
1196,河北赞皇,114.35,37.65
1197,河北元氏,114.5,37.74
1198,河北栾城,114.64,38.87
1199,河北平山,114.24,38.2
1200,河北邯郸,114.47,36.6
1201,河北永年,114.5,36.77
1202,河北曲周,114.92,36.78
1203,河北馆陶,115.4,36.47
1204,河北魏县,114.94,36.37
1205,河北成安,114.68,36.43
1206,河北大名,115.14,36.28
1207,河北涉县,113.67,36.57
1208,河北鸡泽,113.85,36.95
1209,河北丘县,115.18,36.84
1210,河北广平,114.94,36.49
1211,河北肥乡,114.8,36.56
1212,河北临漳,114.62,36.35
1213,河北磁县,114.37,36.37
1214,河北武安,114.2,36.7
1215,河北邢台,114.48,37.05
1216,河北柏乡,114.68,37.49
1217,河北宁普,114.9,37.62
1218,河北隆尧,114.75,37.35
1219,河北临西,115.5,36.87
1220,河北南官,115.37,37.37
1221,河北巨鹿,115.03,37.22
1222,河北任县,114.68,37.11
1223,河北沙河,114.52,36.94
1224,河北临城,114.5,37.43
1225,河北内丘,114.5,37.28
1226,河北新河,115.22,37.53
1227,河北清河,115.67,37.07
1228,河北威县,115.08,36.97
1229,河北广宗,115.14,37.06
1230,河北平乡,115.02,37.06
1231,河北南和,114.71,37
1232,河北保定,115.48,38.85
1233,河北涞水,115.71,39.39
1234,河北涿县,115.98,39.48
1235,河北定兴,115.78,39.28
1236,河北容城,115.86,39.06
1237,河北安新,115.92,38.92
1238,河北蠡县,115.58,38.49
1239,河北博野,115.46,38.46
1240,河北定县,114.02,38.52
1241,河北阜平,114.18,38.85
1242,河北唐县,114.97,38.75
1243,河北涞源,114.67,39.37
1244,河北易县,115.49,39.35
1245,河北新城,115.84,39.34
1246,河北雄县,116.1,38.98
1247,河北徐水,115.65,39.02
1248,河北高阳,115.78,38.68
1249,河北安国,115.3,38.41
1250,河北清苑,115.47,38.76
1251,河北望都,115.14,38.71
1252,河北曲阳,114.68,38.62
1253,河北完县,115.12,38.84
1254,河北满城,115.45,38.95
1255,河北张家口,114.87,40.82
1256,河北康保,114.6,41.87
1257,河北赤城,115.82,40.92
1258,河北怀来,115.54,40.4
1259,河北蔚县,114.53,39.83
1260,河北宣化,115.03,40.63
1261,河北张北,114.7,41.15
1262,河北沽源,115.68,41.68
1263,河北崇礼,115.25,40.98
1264,河北涿鹿,115.2,40.37
1265,河北阳原,114.15,40.12
1266,河北怀安,114.38,40.67
1267,河北尚义,113.95,41.05
1268,河北万全,114.73,40.84
1269,河北承德,117.93,40.97
1270,河北围场,117.72,41.95
1271,河北平泉,118.68,41.02
1272,河北宽城,118.47,40.62
1273,河北兴隆,117.48,40.42
1274,河北滦平,117.53,40.95
1275,河北隆化,117.7,41.32
1276,河北青龙,118.93,40.43
1277,河北丰宁,116.63,41.2
1278,河北秦皇岛,119.57,39.95
1279,河北迁西,118.3,40.15
1280,河北迁安,118.69,40.02
1281,河北昌黎,119.15,39.72
1282,河北卢龙,118.85,39.89
1283,河北滦南,118.67,39.49
1284,河北玉田,117.9,39.9
1285,河北唐海,118.54,39.31
1286,河北遵化,117.97,40.2
1287,河北抚宁,119.22,39.88
1288,河北乐亭,118.9,39.43
1289,河北滦县,118.73,39.74
1290,河北丰南,118.1,39.58
1291,河北丰润,118.13,39.82
1292,河北廊坊,116.7,39.53
1293,河北安次,116.69,39.52
1294,河北三河,117.06,39.97
1295,河北香河,117,39.76
1296,河北霸县,116.38,39.12
1297,河北固安,116.29,39.44
1298,河北大城,116.63,38.7
1299,河北文安,116.45,38.87
1300,河北永清,116.48,39.32
1301,河北大厂,116.98,39.98
1302,河北沧州,116.83,38.33
1303,河北黄骅,117.33,38.4
1304,河北盐山,117.22,38.07
1305,河北吴桥,116.37,37.65
1306,河北东光,116.52,37.89
1307,河北肃宁,115.82,38.43
1308,河北河间,116.07,38.45
1309,河北泊头,116.56,38.08
1310,河北交河,116.27,38.02
1311,河北青县,116.8,38.58
1312,河北海兴,117.85,38.17
1313,河北南皮,116.7,38.05
1314,河北任丘,116.08,38.72
1315,河北献县,116.12,38.2
1316,河北孟村,117.1,38.06
1317,河北衡水,115.72,37.72
1318,河北饶阳,115.74,38.24
1319,河北阜城,116.14,37.87
1320,河北景县,116.26,37.69
1321,河北枣强,115.72,37.52
1322,河北深县,115.56,38.02
1323,河北安平,115.5,38.22
1324,河北武强,115.96,38.03
1325,河北武邑,115.9,37.81
1326,河北故城,115.96,37.36
1327,河北冀县,115.56,37.59
1328,河南郑州,113.65,34.76
1329,河南荥阳,113.35,34.79
1330,河南开封,114.35,34.79
1331,河南平顶山,113.29,33.75
1332,河南洛阳,112.44,34.7
1333,河南焦作,113.21,35.24
1334,河南鹤壁,114.17,35.9
1335,河南杞县,114.77,34.56
1336,河南尉氏,114.17,34.41
1337,河南新郑,113.71,34.4
1338,河南登封,113.02,34.46
1339,河南通许,114.46,34.48
1340,河南中牟,114,34.73
1341,河南密县,113.35,34.51
1342,河南巩县,112.96,34.76
1343,河南兰考,114.81,34.69
1344,河南新乡,113.85,35.31
1345,河南汲县,114.05,35.44
1346,河南封丘,114.04,35.03
1347,河南获嘉,113.63,35.27
1348,河南温贺,113.06,34.94
1349,河南济源,112.57,35.08
1350,河南博爱,113.05,35.16
1351,河南辉县,113.77,35.46
1352,河南延津,114.19,35.14
1353,河南原阳,113.96,35.05
1354,河南武陟,113.38,35.1
1355,河南孟县,112.77,34.92
1356,河南沁阳,112.92,35.08
1357,河南修武,113.42,35.24
1358,河南安阳,114.35,36.1
1359,河南南乐,115.21,36.08
1360,河南范县,115.46,35.9
1361,河南台前,115.83,36
1362,河南滑县,114.52,35.57
1363,河南浚县,114.54,35.67
1364,河南淇县,114.17,35.6
1365,河南内黄,114.88,35.95
1366,河南清丰,115.1,35.89
1367,河南濮阳,114.98,35.71
1368,河南长垣,114.67,35.19
1369,河南汤阴,114.35,35.92
1370,河南林县,113.81,36.06
1371,河南商丘,115.65,34.44
1372,河南夏邑,116.13,34.22
1373,河南柘城,115.29,34.08
1374,河南睢县,115.04,34.46
1375,河南虞城,115.87,34.4
1376,河南永城,116.37,33.94
1377,河南宁陵,115.31,34.44
1378,河南民权,115.13,34.65
1379,河南周口,114.63,33.63
1380,河南商水,114.59,33.54
1381,河南扶沟,114.38,34.05
1382,河南鹿邑,115.48,33.86
1383,河南淮阳,114.88,33.74
1384,河南沈丘,115.06,33.41
1385,河南西华,114.5,33.79
1386,河南太康,114.85,34.06
1387,河南郸城,115.17,33.63
1388,河南项城,114.9,33.44
1389,河南许昌,113.81,34.02
1390,河南鄢县,114.17,34.11
1391,河南郾城,113.98,33.6
1392,河南襄城,113.46,33.86
1393,河南鲁山,112.88,33.74
1394,河南郏县,113.19,33.98
1395,河南漯河,114.02,33.56
1396,河南长葛,113.77,34.22
1397,河南临颖,113.94,33.81
1398,河南舞阳,113.58,33.44
1399,河南叶县,113.35,33.62
1400,河南宝丰,113.04,33.86
1401,河南禹县,113.47,34.16
1402,河南驻马店,114.02,32.98
1403,河南确山,114.02,32.83
1404,河南西平,114,33.38
1405,河南汝南,114.35,33
1406,河南新蔡,114.97,32.75
1407,河南泌阳,113.31,32.72
1408,河南遂平,113.98,33.15
1409,河南上蔡,114.26,33.25
1410,河南平舆,114.62,32.97
1411,河南正阳,114.38,32.62
1412,河南信阳,114.08,32.13
1413,河南息县,114.72,32.35
1414,河南固始,115.68,32.17
1415,河南潢川,115.04,32.13
1416,河南新县,114.83,31.62
1417,河南罗山,114.53,32.21
1418,河南淮滨,115.41,32.44
1419,河南商城,115.42,31.81
1420,河南光山,114.91,32.02
1421,河南南阳,112.53,33.01
1422,河南方城,112.98,33.25
1423,河南唐河,112.83,32.7
1424,河南新野,112.36,32.51
1425,河南邓县,112.08,32.68
1426,河南淅川,111.47,33.14
1427,河南南召,112.4,33.49
1428,河南社旗,112.92,33.05
1429,河南桐柏,113.4,32.37
1430,河南镇平,112.23,33.03
1431,河南内乡,111.83,33.05
1432,河南西峡,111.5,33.31
1433,河南三门峡,111.19,34.76
1434,河南孟津,112.42,34.84
1435,河南临汝,112.83,34.17
1436,河南汝阳,112.46,34.16
1437,河南嵩县,112.07,34.14
1438,河南栾川,111.6,33.81
1439,河南灵宝,110.85,34.52
1440,河南渑池,111.75,34.76
1441,河南义马,111.92,34.73
1442,河南偃师,112.77,34.73
1443,河南伊川,112.42,34.43
1444,河南宜阳,112.15,34.51
1445,河南洛宁,111.65,34.39
1446,河南卢氏,111.03,34.06
1447,河南陕县,111.19,34.76
1448,河南新安,112.14,34.75
1449,浙江杭州,120.19,30.26
1450,浙江余杭,120.3,30.43
1451,浙江富阳,119.95,30.07
1452,浙江建德,119.27,29.49
1453,浙江临安,119.72,30.23
1454,浙江萧山,120.25,30.16
1455,浙江桐庐,119.64,29.8
1456,浙江淳安,119.05,29.61
1457,浙江宁波,121.56,29.86
1458,浙江镇海,121.72,29.96
1459,浙江温州,120.65,28.01
1460,浙江瓯海,120.65,28.01
1461,浙江永喜,120.68,28.16
1462,浙江洞头,121.12,27.84
1463,浙江平阳,120.55,27.68
1464,浙江泰顺,119.7,27.57
1465,浙江乐清,120.94,28.14
1466,浙江瑞安,120.62,27.8
1467,浙江文成,120.08,27.08
1468,浙江苍南,120.36,27.53
1469,浙江湖州,120.1,30.86
1470,浙江平湖,121.02,30.7
1471,浙江桐乡,120.54,30.64
1472,浙江安吉,119.68,30.68
1473,浙江嘉善,120.92,30.84
1474,浙江嘉兴,120.76,30.77
1475,浙江海盐,120.92,30.53
1476,浙江海宁,120.69,30.53
1477,浙江德清,120.08,30.54
1478,浙江长兴,119.91,30.01
1479,浙江定海,122.11,30.03
1480,浙江岱山,122.2,30.26
1481,浙江嵊四,122.45,30.72
1482,浙江普陀,122.3,29.97
1483,浙江鄞县,121.56,29.86
1484,浙江象山,121.8,29.48
1485,浙江奉化,121.41,29.66
1486,浙江慈溪,121.23,30.18
1487,浙江宁海,121.42,29.3
1488,浙江余姚,121.16,30.04
1489,浙江绍兴,120.58,30.01
1490,浙江新昌,120.89,29.49
1491,浙江诸暨,120.23,29.71
1492,浙江上虞,120.87,30.03
1493,浙江嵊县,120.81,29.6
1494,浙江椒江,121.44,28.67
1495,浙江临海,121.13,28.8
1496,浙江三门,121.38,29.11
1497,浙江温岭,121.36,28.36
1498,浙江仙居,120.73,28.85
1499,浙江天台,121.03,29.15
1500,浙江黄岩,121.27,28.64
1501,浙江玉环,121.23,28.14
1502,浙江丽水,119.92,28.45
1503,浙江青田,120.28,28.45
1504,浙江庆无,119.06,27.61
1505,浙江遂昌,119.25,28.59
1506,浙江缙云,120.6,28.66
1507,浙江云和,119.56,28.12
1508,浙江龙泉,119.13,28.08
1509,浙江松阳,119.48,28.46
1510,浙江金华,119.64,29.12
1511,浙江浦江,119.88,29.46
1512,浙江东阳,120.23,29.27
1513,浙江武义,119.81,28.9
1514,浙江江山,118.61,28.74
1515,浙江开化,118.39,29.15
1516,浙江衢州,118.88,28.97
1517,浙江兰溪,119.48,29.19
1518,浙江义乌,120.06,29.32
1519,浙江永康,120.02,28.92
1520,浙江常山,118.5,28.9
1521,海南海口,110.35,20.02
1522,海南琼山,110.33,19.98
1523,海南文昌,110.72,19.61
1524,海南定安,110.31,19.68
1525,海南琼海,110.46,19.25
1526,海南万宁,110.39,18.8
1527,海南屯昌,110.1,19.36
1528,海南澄迈,110,19.75
1529,海南儋县,109.57,19.52
1530,海南临高,109.69,19.91
1531,海南保亭,109.7,18.64
1532,海南白沙,109.44,19.23
1533,海南琼中,109.83,19.05
1534,海南陵水,110.02,18.48
1535,海南崖县,109.5,18.25
1536,海南乐东,109.17,18.73
1537,海南东方,108.64,19.09
1538,海南昌江,109.03,19.25
1539,港澳台香港,114.1,22.2
1540,港澳台澳门,113.33,22.13
1541,港澳台台北,121.5,25.05
1542,港澳台高雄,120.37,22.64
1543,港澳台基隆,121.73,25.14
1544,港澳台台中,120.67,24.15
1545,港澳台台南,120.19,22.98
1546,港澳台宜兰,121.75,24.75
1547,港澳台桃园,121.3,25
1548,港澳台新竹,120.96,24.81
1549,湖北武汉,114.31,30.52
1550,湖北武昌,114.33,30.35
1551,湖北汉阳,114.02,30.57
1552,湖北黄石,115.09,30.2
1553,湖北十堰,110.79,32.65
1554,湖北沙市,112.24,30.32
1555,湖北宜昌,111.3,30.7
1556,湖北襄樊,112.14,30.02
1557,湖北孝感,113.91,31.92
1558,湖北黄陂,114.36,30.88
1559,湖北汉川,113.59,30.63
1560,湖北云梦,113.73,31.02
1561,湖北应山,113.81,31.62
1562,湖北大悟,114.09,31.56
1563,湖北应城,113.6,30.94
1564,湖北安陆,113.69,31.25
1565,湖北鄂城,114.87,30.38
1566,湖北黄冈,114.87,30.44
1567,湖北新洲,114.8,31.84
1568,湖北红安,114.61,31.29
1569,湖北麻城,115,31.17
1570,湖北罗川,115.37,30.79
1571,湖北浠水,115.22,30.46
1572,湖北蕲春,115.3,30.24
1573,湖北黄梅,115.93,30.09
1574,湖北广济,115.56,29.85
1575,湖北英山,115.57,30.75
1576,湖北咸宁,114.28,29.87
1577,湖北阳新,115.22,29.83
1578,湖北通山,114.52,29.6
1579,湖北通城,113.8,29.23
1580,湖北嘉鱼,113.91,29.97
1581,湖北崇阳,114.04,29.54
1582,湖北蒲圻,113.85,29.71
1583,湖北荆门,112.19,31.02
1584,湖北江陵,112.18,30.35
1585,湖北钟祥,112.58,31.17
1586,湖北京山,113.11,31.03
1587,湖北监利,112.9,29.83
1588,湖北石首,112.41,29.73
1589,湖南长沙,113,28.21
1590,湖南望城,112.8,28.37
1591,湖南株洲,113.16,27.83
1592,湖南湘潭,112.91,27.87
1593,湖南衡阳,112.61,26.89
1594,湖南邵阳,111.5,27.22
1595,湖南岳阳,113.09,29.37
1596,湖南临湘,113.42,29.48
1597,湖南平江,113.56,29.71
1598,湖南泪罗,113.05,28.8
1599,湖南湘阴,112.87,28.68
1600,湖南华容,112.55,29.52
1601,湖南浏阳,113.63,28.16
1602,湖南醴陵,113.5,27.67
1603,湖南攸县,113.32,27.01
1604,湖南茶陵,113.54,26.79
1605,湖南酃县,113.77,26.49
1606,湖南湘乡,112.5,27.75
1607,湖南郴州,113,25.79
1608,湖南郴县,113,25.79
1609,湖南安仁,113.27,26.71
1610,湖南永兴,113.11,26.13
1611,湖南资兴,113.39,25.95
1612,湖南桂东,113.91,25.08
1613,湖南汝城,113.68,25.54
1614,湖南宜章,113.96,25.41
1615,湖南临武,112.55,25.27
1616,湖南嘉禾,112.35,25.56
1617,湖南桂阳,112.72,25.73
1618,湖南来阳,112.84,26.41
1619,湖南衡南,112.61,26.89
1620,湖南衡山,112.86,27.25
1621,湖南衡东,112.95,27.1
1622,湖南常宁,112.39,26.38
1623,湖南祁阳,111.85,26.59
1624,湖南祁东,112.14,26.8
1625,湖南衡阳,112.61,26.89
1626,湖南永州,111.63,26.22
1627,湖南零陵,111.63,26.22
1628,湖南新田,112.21,25.91
1629,湖南宁远,111.95,25.6
1630,湖南蓝山,112.16,25.37
1631,湖南双牌,111.64,25.96
1632,湖南江永,111.33,25.41
1633,湖南道县,111.57,25.52
1634,湖南东安,111.28,26.41
1635,湖南江华,111.79,24.97
1636,湖南新宁,110.84,26.44
1637,湖南武冈,110.61,26.73
1638,湖南隆回,111.04,27.13
1639,湖南绥宁,110.14,25.59
1640,湖南洞口,110.57,27.06
1641,湖南城步,110.3,26.37
1642,湖南娄底,111.96,27.71
1643,湖南涟源,111.66,27.68
1644,湖南新邵,111.46,27.33
1645,湖南双峰,112.18,27.44
1646,湖南冷水江,111.41,27.68
1647,湖南邵东,111.73,27.25
1648,湖南新化,111.29,27.73
1649,湖南怀化,109.95,27.52
1650,湖南黔阳,110.14,27.33
1651,湖南辰溪,110.18,28.02
1652,湖南沅陵,110.39,28.46
1653,湖南溆浦,110.57,27.92
1654,湖南会同,109.71,26.86
1655,湖南靖县,109.68,26.57
1656,湖南洪江,109.96,27.1
1657,湖南芷江,109.78,27.44
1658,湖南麻阳,109.79,27.87
1659,湖南通道,109.77,26.16
1660,湖南新晃,109.16,27.37
1661,湖南吉首,109.71,28.3
1662,湖南永顺,109.84,29
1663,湖南桑植,110.16,29.38
1664,湖南大庸,110.48,29.13
1665,湖南古丈,109.91,28.62
1666,湖南泸溪,110.73,28.29
1667,湖南凤凰,109.43,27.92
1668,湖南花垣,109.46,28.59
1669,湖南保靖,109.64,28.7
1670,湖南龙山,109.42,29.64
1671,湖南常德,111.69,29.05
1672,湖南临澧,111.64,29.44
1673,湖南澧县,111.75,29.65
1674,湖南安乡,112.16,29.41
1675,湖南津市,111.87,29.64
1676,湖南汉寿,111.97,28.9
1677,湖南桃源,111.47,28.9
1678,湖南慈利,111.09,29.41
1679,湖南石门,111.35,29.59
1680,湖南益阳,112.33,28.6
1681,湖南南县,112.39,29.37
1682,湖南沅江,112.36,28.83
1683,湖南宁乡,112.55,28.27
1684,湖南安化,111.2,28.38
1685,湖南桃江,112.11,28.51
1686,甘肃兰州,103.73,36.03
1687,甘肃永登,103.25,36.73
1688,甘肃榆中,104.09,35.87
1689,甘肃永昌,101.94,38.23
1690,甘肃皋兰,103.97,36.32
1691,甘肃定西,104.57,35.57
1692,甘肃会宁,105.08,35.72
1693,甘肃陇西,104.61,34.98
1694,甘肃临洮,103.88,35.39
1695,甘肃靖远,104.71,36.54
1696,甘肃通渭,105.27,35.24
1697,甘肃渭源,104.19,35.17
1698,甘肃平凉,106.68,35.51
1699,甘肃灵台,107.61,35.1
1700,甘肃华亭,106.65,35.21
1701,甘肃静宁,105.73,35.51
1702,甘肃泾川,107.38,35.31
1703,甘肃崇信,107.05,35.27
1704,甘肃庄浪,106.06,35.2
1705,甘肃庆阳,107.88,36.03
1706,甘肃华池,108,36.44
1707,甘肃庄宁,108.43,35.5
1708,甘肃镇源,107.22,35.7
1709,甘肃环县,107.33,36.57
1710,甘肃合水,108.02,35.81
1711,甘肃宁县,107.94,35.17
1712,甘肃天水,105.69,34.6
1713,甘肃徽县,106.11,33.78
1714,甘肃礼县,105.15,34.22
1715,甘肃武山,104.88,34.69
1716,甘肃秦安,105.69,34.89
1717,甘肃清水,106.12,34.73
1718,甘肃两当,106.28,33.9
1719,甘肃西和,105.28,34.02
1720,甘肃甘谷,105.35,34.7
1721,甘肃漳县,104.48,34.87
1722,甘肃张家川,106.23,35
1723,甘肃武都,104.94,33.43
1724,甘肃宕昌,104.38,34.06
1725,甘肃康县,105.58,33.33
1726,甘肃成县,105.7,33.75
1727,甘肃文县,104.7,32.95
1728,甘肃临潭,103.35,34.69
1729,甘肃舟曲,104.38,33.81
1730,甘肃玛曲,102.04,33.97
1731,甘肃下河,102.46,35.21
1732,甘肃卓尼,103.54,34.61
1733,甘肃迭部,103.23,34.08
1734,甘肃碌曲,102.5,34.6
1735,甘肃临夏,103.22,35.62
1736,甘肃永靖,103.34,35.97
1737,甘肃和政,103.31,35.43
1738,甘肃康乐,103.68,35.39
1739,甘肃广河,103.54,35.46
1740,甘肃东乡,103.39,35.68
1741,甘肃岷县,104.04,34.41
1742,甘肃积石山,102.85,35.74
1743,甘肃武威,102.61,37.94
1744,甘肃民勤,103.08,38.62
1745,甘肃古浪,102.86,37.43
1746,甘肃景泰,104.05,37.14
1747,甘肃天祝,102.84,37.24
1748,甘肃张掖,100.46,38.93
1749,甘肃民乐,100.85,38.43
1750,甘肃临泽,100.17,39.14
1751,甘肃山丹,101.19,38.79
1752,甘肃高台,99.84,39.14
1753,甘肃肃南,99.57,38.86
1754,甘肃玉门,97.58,39.81
1755,甘肃酒泉,98.5,39.71
1756,甘肃敦煌,94.71,40.13
1757,甘肃金塔,98.92,39.97
1758,甘肃安西,95.77,40.51
1759,甘肃阿克塞,94.25,38.46
1760,甘肃肃北,94.89,39.49
1761,福建福州,119.3,26.08
1762,福建闽侯,119.14,26.16
1763,福建厦门,118.1,24.46
1764,福建同安,118.15,24.74
1765,福建南平,118.16,26.65
1766,福建南平,118.16,26.65
1767,福建建瓯,118.32,27.05
1768,福建浦城,118.55,27.92
1769,福建邵武,117.48,27.34
1770,福建顺昌,117.8,26.8
1771,福建崇安,118.02,27.76
1772,福建光泽,117.34,27.54
1773,福建松溪,118.77,27.53
1774,福建政和,118.85,27.38
1775,福建宁德,119.52,26.65
1776,福建福安,119.65,27.09
1777,福建连江,119.53,26.2
1778,福建福鼎,120.2,27.34
1779,福建霞浦,120,26.89
1780,福建吉田,118.74,26.59
1781,福建罗源,119.55,26.49
1782,福建寿宁,119.5,27.47
1783,福建周宁,119.36,27.12
1784,福建屏南,118.98,26.92
1785,福建柘荣,119.89,27.25
1786,福建莆田,119,25.44
1787,福建仙游,118.7,25.37
1788,福建福清,119.39,25.73
1789,福建长乐,119.52,25.96
1790,福建永泰,118.95,25.88
1791,福建平潭,119.78,25.51
1792,福建闽清,118.86,26.21
1793,福建泉州,118.58,24.93
1794,福建晋江,118.57,24.82
1795,福建南安,118.39,24.96
1796,福建惠安,118.78,25.04
1797,福建安溪,118.18,25.07
1798,福建永春,118.3,25.34
1799,福建德化,118.24,25.5
1800,福建金门,118.34,24.43
1801,福建漳州,117.35,24.52
1802,福建龙海,117.79,24.44
1803,福建漳浦,117.61,24.12
1804,福建诏安,117.16,23.73
1805,福建平和,117.3,24.38
1806,福建云霄,117.34,23.99
1807,福建南靖,117.35,24.51
1808,福建长泰,117.75,24.62
1809,福建东山,117.4,23.72
1810,福建华安,117.53,25
1811,福建龙岩,117.01,25.12
1812,福建上杭,116.41,25.43
1813,福建永定,116.81,24.76
1814,福建长汀,116.37,25.85
1815,福建武平,116.1,25.11
1816,福建连城,116.75,25.72
1817,福建漳平,117.4,25.3
1818,福建三明,117.61,26.23
1819,福建龙溪,118.17,26.18
1820,福建宁化,116.64,26.26
1821,福建大田,117.83,25.69
1822,福建永安,117.37,25.97
1823,福建沙县,117.77,26.41
1824,福建将乐,117.45,26.73
1825,福建清流,116.81,26.12
1826,福建建宁,116.82,26.85
1827,福建泰宁,117.15,26.92
1828,福建明溪,117.18,26.36
1829,西藏自治区拉萨,91.11,29.97
1830,西藏自治区林周,91.24,30.2
1831,西藏自治区当雄,91.05,30.51
1832,西藏自治区墨竹工卡,91.77,29.77
1833,西藏自治区尼木,90.14,29.44
1834,西藏自治区米林,94.13,29.18
1835,西藏自治区墨脱,95.26,29.22
1836,西藏自治区达孜,91.39,29.63
1837,西藏自治区曲水,90.7,29.39
1838,西藏自治区堆龙德庆,90.96,29.67
1839,西藏自治区林芝,94.25,29.59
1840,西藏自治区工布江达,93.25,29.92
1841,西藏自治区那曲,92.1,31.47
1842,西藏自治区巴青,94.1,31.96
1843,西藏自治区比如,93.68,31.53
1844,西藏自治区班戈,90.05,31.35
1845,西藏自治区嘉黎,93.46,30.63
1846,西藏自治区聂荣,92.3,31.08
1847,西藏自治区索县,93.71,31.92
1848,西藏自治区安多,91.68,32.29
1849,西藏自治区申扎,88.7,30.94
1850,西藏自治区吕都,97.14,31.18
1851,西藏自治区贡觉,98.29,30.86
1852,西藏自治区左贡,97.9,29.68
1853,西藏自治区察隅,97.49,28.62
1854,西藏自治区洛隆,95.76,30.81
1855,西藏自治区丁青,95.63,31.42
1856,西藏自治区波密,95.75,29.92
1857,西藏自治区江达,89.19,31.53
1858,西藏自治区察雅,97.56,30.69
1859,西藏自治区芒康,98.68,29.64
1860,西藏自治区八宿,96.95,30.04
1861,西藏自治区边坝,94.69,30.94
1862,西藏自治区类乌齐,96.57,31.2
1863,西藏自治区乃东,91.76,29.18
1864,西藏自治区加查,92.6,29.09
1865,西藏自治区曲松,92.11,29.08
1866,西藏自治区错那,91.91,27.98
1867,西藏自治区穷结,91.65,29.04
1868,西藏自治区贡嘎,90.96,29.25
1869,西藏自治区浪卡子,90.33,29.96
1870,西藏自治区桑日,92,29.26
1871,西藏自治区朗县,93.11,29.06
1872,西藏自治区隆子,92.42,28.46
1873,西藏自治区措美,91.4,28.49
1874,西藏自治区洛扎,90.83,28.42
1875,西藏自治区扎囊,91.26,29.22
1876,西藏自治区日喀则,88.82,29.28
1877,西藏自治区定结,87.77,28.38
1878,西藏自治区拉孜,87.62,29.1
1879,西藏自治区聂拉木,85.94,28.19
1880,西藏自治区谢通门,88.25,29.43
1881,西藏自治区仲巴,84.15,29.66
1882,西藏自治区康马,89.67,28.57
1883,西藏自治区亚东,88.93,27.55
1884,西藏自治区岗巴,88.5,28.29
1885,西藏自治区南木林,89.02,29.71
1886,西藏自治区萨迦,88,28.87
1887,西藏自治区定日,87.11,28.57
1888,西藏自治区吉隆,85.29,28.94
1889,西藏自治区昂仁,87.22,29.3
1890,西藏自治区江孜,89.63,28.94
1891,西藏自治区仁布,89.77,29.21
1892,西藏自治区白朗,89.16,29.11
1893,西藏自治区萨嘎,85.3,29.38
1894,西藏自治区噶尔,80,32.08
1895,西藏自治区革吉,81.13,32.45
1896,西藏自治区扎达,79.76,31.47
1897,西藏自治区措勤,85.16,31.06
1898,西藏自治区日上,79.61,33.44
1899,西藏自治区改则,84.1,32.33
1900,西藏自治区普兰,81.18,30.37
1901,贵州贵阳,106.71,26.57
1902,贵州六盘水,104.82,26.58
1903,贵州水城,104.82,26.58
1904,贵州盘县,104.64,25.81
1905,贵州六枝,105.47,26.21
1906,贵州遵义,106.9,27.7
1907,贵州绥阳,107.19,27.95
1908,贵州道真,107.6,28.89
1909,贵州凤冈,107.72,27.97
1910,贵州余庆,107.88,27.22
1911,贵州赤水,105.69,28.57
1912,贵州桐梓,106.8,28.16
1913,贵州正安,107.43,28.56
1914,贵州务川,107.87,28.54
1915,贵州湄潭,107.5,27.76
1916,贵州仁怀,106.41,27.81
1917,贵州习水,106.2,28.33
1918,贵州铜仁,109.21,27.73
1919,贵州玉屏,108.91,27.24
1920,贵州思南,108.23,27.94
1921,贵州德江,108.13,28.27
1922,贵州万山,109.2,27.52
1923,贵州江口,108.82,27.68
1924,贵州师阡,108.24,27.52
1925,贵州印江,108.41,28.02
1926,贵州沿河,108.48,28.57
1927,贵州松桃,109.18,28.17
1928,贵州毕节,105.29,27.32
1929,贵州黔西,106.04,27.03
1930,贵州织金,105.76,26.66
1931,贵州赫章,104.71,27.13
1932,贵州大方,105.61,27.16
1933,贵州金沙,106.22,27.46
1934,贵州钠雍,105.38,26.77
1935,贵州威宁,104.28,26.87
1936,贵州安顺,105.92,26.25
1937,贵州息烽,106.73,27.1
1938,贵州清镇,106.46,26.56
1939,贵州普定,105.75,26.32
1940,贵州开阳,106.95,27.06
1941,贵州修文,106.59,26.84
1942,贵州平坝,106.26,26.42
1943,贵州镇宁,105.75,26.08
1944,贵州紫云,106.06,25.75
1945,贵州关岭,105.62,25.94
1946,贵州兴义,104.91,25.1
1947,贵州普安,104.96,25.79
1948,贵州贞丰,105.63,25.39
1949,贵州望谟,106.09,25.17
1950,贵州册亭,105.79,25
1951,贵州安龙,105.49,25.11
1952,贵州兴仁,105.18,25.44
1953,贵州晴龙,105.21,25.83
1954,贵州凯里,107.97,26.59
1955,贵州施秉,108.11,27.03
1956,贵州镇远,108.41,27.06
1957,贵州天柱,109.2,26.89
1958,贵州剑河,108.58,26.64
1959,贵州黎平,109.14,26.24
1960,贵州从江,108.9,25.76
1961,贵州麻江,107.58,26.49
1962,贵州黄平,107.89,26.89
1963,贵州三穗,108.68,26.98
1964,贵州岑巩,108.72,27.21
1965,贵州锦屏,109.18,26.7
1966,贵州台江,108.32,26.68
1967,贵州榕江,108.5,25.94
1968,贵州雷山,108.07,26.38
1969,贵州丹寨,107.79,26.21
1970,贵州都匀,107.53,26.72
1971,贵州贵定,107.22,26.58
1972,贵州瓮安,107.48,27.08
1973,贵州平塘,107.55,25.83
1974,贵州长顺,106.45,26.03
1975,贵州惠水,106.66,26.14
1976,贵州荔波,107.88,25.42
1977,贵州福泉,107.51,26.7
1978,贵州独山,107.54,25.84
1979,贵州罗甸,106.74,25.43
1980,贵州龙里,106.98,26.46
1981,贵州三都,107.86,26
1982,辽宁沈阳,123.38,41.8
1983,辽宁新民,122.83,42
1984,辽宁辽中,122.7,41.52
1985,辽宁大连,121.62,38.92
1986,辽宁金县,121.7,39.13
1987,辽宁复县,121.97,39.63
1988,辽宁新金,121.95,39.55
1989,辽宁庄河,22.97,39.7
1990,辽宁长海,122.58,39.28
1991,辽宁鞍山,122.85,41.12
1992,辽宁海城,122.75,40.85
1993,辽宁台安,122.4,41.4
1994,辽宁抚顺,123.97,41.97
1995,辽宁新宾,125.02,41.72
1996,辽宁清原,124.9,42.13
1997,辽宁本溪,123.73,41.3
1998,辽宁垣仁,125.33,41.28
1999,辽宁锦州,121.15,41.13
2000,辽宁锦县,121.35,41.17
2001,辽宁义县,121.22,41.55
2002,辽宁黑山,122.12,41.7
2003,辽宁北镇,121.8,41.6
2004,辽宁锦西,120.83,40.77
2005,辽宁兴城,120.68,40.63
2006,辽宁绥中,120.32,40.35
2007,辽宁丹东,124.37,40.13
2008,辽宁东沟,124.13,39.97
2009,辽宁岫岩,123.25,40.3
2010,辽宁凤城,124.05,40.47
2011,辽宁宽甸,124.77,40.75
2012,辽宁阜新,121.65,42
2013,辽宁彰武,122.52,42.42
2014,辽宁营口,122.18,40.65
2015,辽宁盖县,122.37,40.42
2016,辽宁盘山,122.03,41.02
2017,辽宁大洼,122.06,41
2018,辽宁辽阳,123.17,41.28
2019,辽宁灯塔,123.34,41.43
2020,辽宁铁岭,123.85,42.32
2021,辽宁开原,124.03,42.53
2022,辽宁昌图,124.13,42.8
2023,辽宁铁法,123.5,42.48
2024,辽宁康平,123.33,42.75
2025,辽宁法库,123.37,42.52
2026,辽宁西丰,124.7,42.77
2027,辽宁朝阳,120.42,41.58
2028,辽宁建昌,119.78,40.82
2029,辽宁北票,120.75,41.82
2030,辽宁凌源,119.37,41.27
2031,辽宁建平,119.63,41.38
2032,重庆重庆,106.54,29.59
2033,重庆綦江,106.56,29.41
2034,重庆长寿,106.64,29.01
2035,重庆南桐,107.04,29.86
2036,重庆合川,106.28,29.26
2037,重庆潼南,106.22,30.03
2038,重庆铜梁,105.8,30.16
2039,重庆壁山,106.03,29.86
2040,重庆荣昌,106.21,29.62
2041,重庆大足,105.59,29.4
2042,重庆永川,105.71,29.75
2043,重庆万盛,105.91,29.38
2044,陕西西安,108.95,34.27
2045,陕西长安,108.97,34.18
2046,陕西铜川,109.11,35.09
2047,陕西耀县,108.98,34.91
2048,陕西宝鸡,107.15,34.38
2049,陕西凤翔,107.39,34.53
2050,陕西千阳,107.13,34.65
2051,陕西陇县,106.86,34.91
2052,陕西麟游,107.8,34.69
2053,陕西岐山,107.63,34.46
2054,陕西浮风,107.87,34.38
2055,陕西武功,108.22,34.28
2056,陕西眉县,107.76,34.29
2057,陕西太白,107.3,34.09
2058,陕西凤县,106.51,33.93
2059,陕西榆林,109.77,38.3
2060,陕西神木,110.51,38.83
2061,陕西府谷,111.07,39.05
2062,陕西佳县,110.48,38.04
2063,陕西米脂,110.23,37.78
2064,陕西吴堡,110.73,37.49
2065,陕西绥德,110.24,37.49
2066,陕西清涧,110.15,37.11
2067,陕西子洲,110.05,37.45
2068,陕西横山,109.32,37.97
2069,陕西靖边,108.79,37.61
2070,陕西定边,107.59,37.6
2071,陕西延安,109.47,36.6
2072,陕西安寨,109.34,36.88
2073,陕西子长,109.65,37.16
2074,陕西延川,110.18,36.87
2075,陕西延长,110.02,36.59
2076,陕西宜川,110.15,36.04
2077,陕西黄龙,109.86,35.6
2078,陕西洛川,109.42,35.76
2079,陕西宜君,109.11,35.43
2080,陕西黄陵,109.27,35.6
2081,陕西富县,109.37,36
2082,陕西甘泉,109.37,36.29
2083,陕西志丹,108.78,36.84
2084,陕西吴旗,108.22,36.93
2085,陕西咸阳,108.72,34.36
2086,陕西礼泉,108.43,34.5
2087,陕西永寿,108.14,34.71
2088,陕西彬县,108.09,35.04
2089,陕西长武,107.8,35.22
2090,陕西旬邑,108.33,35.13
2091,陕西淳化,108.57,34.81
2092,陕西泾阳,108.84,34.53
2093,陕西三原,108.94,34.62
2094,陕西高陵,109.1,34.55
2095,陕西户县,108.61,34.12
2096,陕西周至,108.22,34.18
2097,陕西兴平,108.49,34.32
2098,陕西乾县,108.25,34.54
2099,陕西渭南,109.5,34.52
2100,陕西蒲城,109.59,34.97
2101,陕西白水,109.6,35.18
2102,陕西成城,109.93,35.2
2103,陕西韩城,110.45,35.47
2104,陕西合阳,110.15,35.24
2105,陕西人荔,109.96,34.82
2106,陕西潼关,110.25,34.56
2107,陕西华阴,110.09,34.58
2108,陕西华县,109.77,34.53
2109,陕西蓝田,109.32,34.17
2110,陕西临潼,109.22,34.38
2111,陕西富平,109.17,34.76
2112,陕西商县,109.96,33.88
2113,陕西洛南,110.15,34.11
2114,陕西丹凤,110.35,33.71
2115,陕西商南,110.88,33.54
2116,陕西山阳,109.91,33.55
2117,陕西镇安,109.16,33.45
2118,陕西柞水,109.14,33.69
2119,陕西安康,109.02,32.7
2120,陕西旬阳,109.35,32.83
2121,陕西白河,110.06,32.83
2122,陕西平利,109.37,32.41
2123,陕西镇坪,109.51,31.91
2124,陕西岚皋,108.89,32.3
2125,陕西紫阳,108.55,32.56
2126,陕西汉阴,108.53,32.9
2127,陕西石泉,108.26,33.05
2128,陕西宁陕,108.33,33.34
2129,陕西汉中,108.04,33.07
2130,陕西留坝,106.95,33.65
2131,陕西城固,107.32,33.16
2132,陕西洋县,107.56,33.23
2133,陕西佛坪,108,33.55
2134,陕西西乡,107.77,33
2135,陕西镇巴,107.91,32.56
2136,陕西南郑,106.93,33
2137,陕西宁强,106.25,32.82
2138,陕西勉县,106.68,33.16
2139,陕西略阳,106.16,33.34
2140,青海西宁,101.74,36.56
2141,青海大通,101.67,36.92
2142,青海平安,102.09,36.47
2143,青海湟中,101.57,36.49
2144,青海乐都,102.38,36.49
2145,青海民和,102.8,36.3
2146,青海湟源,101.28,36.72
2147,青海互助,101.95,36.84
2148,青海化隆,102.3,36.11
2149,青海循化,102.46,35.84
2150,青海门源,101.62,37.37
2151,青海海晏,100.99,36.89
2152,青海刚察,100.17,37.32
2153,青海祁连,100.22,38.2
2154,青海同仁,102,35.54
2155,青海尖扎,102,35.92
2156,青海泽库,101.5,35.03
2157,青海河南,101.62,34.75
2158,青海共和,100.61,36.27
2159,青海贵德,101.47,36.02
2160,青海贵南,100.75,35.57
2161,青海同德,100.63,35.24
2162,青海兴海,99.99,35.6
2163,青海玛沁,100.26,34.49
2164,青海甘德,99.89,33.95
2165,青海久治,101.47,33.46
2166,青海班玛,100.73,32.92
2167,青海达日,99.68,33.74
2168,青海玛多,98.26,34.92
2169,青海玉树,96.97,33.03
2170,青海称多,97.12,33.35
2171,青海囊谦,96.47,32.23
2172,青海杂多,95.3,32.92
2173,青海治多,95.6,33.86
2174,青海曲麻菜,95.5,34.52
2175,青海格尔木,94.9,36.41
2176,青海乌兰,98.46,36.9
2177,青海都兰,98.13,36.3
2178,青海天峻,99.03,37.28
2179,黑龙江哈尔滨,126.63,45.75
2180,黑龙江齐齐哈尔,123.97,47.33
2181,黑龙江鹤岗,130.3,47.33
2182,黑龙江双鸭山,131.17,46.65
2183,黑龙江鸡四,130.97,45.3
2184,黑龙江大庆,125.03,46.58
2185,黑龙江伊春,128.92,47.73
2186,黑龙江嘉荫,130,48.93
2187,黑龙江铁力,128.08,47.98
2188,黑龙江绥化,127,46.63
2189,黑龙江绥棱,127.12,47.22
2190,黑龙江海伦,126.97,47.47
2191,黑龙江庆安,127.5,46.87
2192,黑龙江兰西,126.3,46.28
2193,黑龙江肇东,125.98,46.07
2194,黑龙江肇州,125.25,45.72
2195,黑龙江肇源,125.07,45.53
2196,黑龙江安达,125.33,46.42
2197,黑龙江明水,125.88,47.18
2198,黑龙江青岗,126.13,46.68
2199,黑龙江望奎,126.5,46.83
2200,黑龙江黑河,127.53,50.22
2201,黑龙江爱辉,127.53,50.22
2202,黑龙江德都,126.17,48.5
2203,黑龙江通北,126.8,49.76
2204,黑龙江北安,126.5,48.22
2205,黑龙江孙吴,127.5,49.22
2206,黑龙江逊克,128.42,49.57
2207,黑龙江嫩江,125.2,49.17
2208,黑龙江佳木斯,130.35,46.83
2209,黑龙江桦川,130.68,47.02
2210,黑龙江萝北,130.83,47.58
2211,黑龙江绥滨,131.83,47.3
2212,黑龙江富锦,132.02,47.23
2213,黑龙江同江,132.5,47.67
2214,黑龙江抚远,134.15,48.33
2215,黑龙江饶河,134,46.78
2216,黑龙江七台河,130.83,45.82
2217,黑龙江宝清,132.17,46.33
2218,黑龙江集贤,131.13,46.7
2219,黑龙江勃利,130.53,45.75
2220,黑龙江桦南,130.53,46.25
2221,黑龙江依兰,129.55,46.33
2222,黑龙江汤源,129.92,46.73
2223,黑龙江牡丹江,129.58,44.6
2224,黑龙江林口,130.23,45.3
2225,黑龙江鸡东,131.04,45.27
2226,黑龙江密山,131.85,45.53
2227,黑龙江虎林,133.97,45.75
2228,黑龙江绥芬河,131.17,44.38
2229,黑龙江东宁,131.12,44.07
2230,黑龙江穆棱,130.5,44.9
2231,黑龙江宁安,129.47,44.35
2232,黑龙江海林,129.35,44.57
2233,黑龙江阿城,126.95,45.52
2234,黑龙江呼兰,126.58,46
2235,黑龙江巴彦,127.38,46.08
2236,黑龙江宾县,127.48,45.75
2237,黑龙江木兰,128.03,45.95
2238,黑龙江通河,128.7,45.98
2239,黑龙江方正,128.8,45.83
2240,黑龙江延寿,128.35,45.47
2241,黑龙江尚志,127.95,45.22
2242,黑龙江五常,127.17,44.93
2243,黑龙江双城,126.32,45.53
2244,黑龙江富裕,124.4,47.8
2245,黑龙江讷河,124.85,48.48
2246,黑龙江克山,125.87,48.03
2247,黑龙江克东,126.22,48.03
2248,黑龙江拜泉,126.07,47.62
2249,黑龙江依安,125.3,47.92
2250,黑龙江林甸,124.87,47.18
2251,黑龙江泰来,123.45,46.4
2252,黑龙江龙江,123.18,47.35
2253,黑龙江甘南,123.48,47.9
2254,黑龙江杜尔伯特,124.44,46.86
2255,黑龙江加格达奇,124.07,50.42
2256,黑龙江呼玛,126.6,51.72
2257,黑龙江塔河,124.7,52.32
2258,黑龙江漠河,122.37,53.48
